{"10": [13.630827188491821, 15.329174041748047, 16.214187145233154], "16": [31.3084397315979, 32.527709007263184], "24": [52.92874479293823, 71.63554835319519]}